"","species","weight"
"1","dime",45
"2","dime",46
"3","onar",18
"4","dime",45
"5","onar",22
"6","dime",39
"7","chin",8
"8","dime",49
"9","dime",43
"10","dime",38
"11","dime",29
"12","dime",46
"13","chin",9
"14","dime",41
"15","dime",43
"16","dime",35
"17","dime",38
"18","dime",36
"19","disp",109
"20","dime",50
"21","dime",42
"22","dime",33
"23","dime",43
"24","dime",37
"25","neal",104
"26","pgfv",14
"27","dime",45
"28","dime",38
"29","dime",39
"30","dior",40
"31","dime",28.5
"32","onar",28
"33","dime",39
"34","dime",37
"35","dime",28
"36","dime",40
"37","onar",20
"38","dime",40
"39","dime",37
"40","disp",98
"41","dime",32
"42","dime",45
"43","dime",32
"44","dime",41
"45","dime",36
"46","dime",38
"47","pgfv",7.5
"48","disp",148
"49","dime",40
"50","dime",42
"51","dime",33.5
"52","pgfv",7
"53","pgfv",7
"54","dime",37
"55","dime",27
"56","dime",41
"57","dime",37
"58","pgfv",7
"59","dime",48
"60","onar",29
"61","nemi",70
"62","nemi",64
"63","dime",41
"64","pgfv",6
"65","remg",9
"66","dime",40
"67","dime",45
"68","dime",45
"69","onar",35
"70","dime",38
"71","dime",44
"72","dime",43
"73","dime",44
"74","dime",45
"75","dime",19
"76","dime",20
"77","dime",47
"78","dime",47
"79","onar",20
"80","dime",39
"81","dime",44
"82","dime",42
"83","onar",20
"84","dime",42
"85","dime",45
"86","dime",54
"87","pgfv",8
"88","dime",45
"89","dime",41
"90","pgfv",7
"91","disp",86
"92","disp",89
"93","dime",42
"94","dime",40
"95","disp",92
"96","dime",38
"97","disp",110
"98","dime",43
"99","pgfv",5
"100","dime",49
"101","dime",45
"102","dime",40
"103","dime",38
"104","disp",130
"105","pgfv",7
"106","dime",52
"107","dime",42
"108","dime",36
"109","pmle",22
"110","dime",45
"111","disp",100
"112","dime",43
"113","dime",41
"114","remg",17
"115","chin",16
"116","dime",46
"117","dime",41
"118","pgfv",5
"119","dime",32
"120","dime",44
"121","dime",46
"122","onar",26
"123","disp",75
"124","dime",41
"125","dime",42
"126","dime",40
"127","dime",38
"128","dime",44
"129","dime",29
"130","dime",44
"131","pgfv",8
"132","dime",44
"133","onar",10
"134","dime",41
"135","dime",37
"136","pgfv",6
"137","pgfv",7
"138","dime",42
"139","dime",40
"140","dime",39
"141","dime",47
"142","pgfv",7
"143","dime",43
"144","dime",28
"145","pgfv",7
"146","dime",42
"147","remg",8.5
"148","disp",100
"149","remg",7.5
"150","pgfv",7
"151","pgfv",8.5
"152","pgfv",7
"153","dime",41
"154","dime",41
"155","pgfv",6.5
"156","pgfv",6
"157","pgfv",7
"158","dime",46
"159","dime",38
"160","onar",17
"161","dime",39
"162","pgfv",7.5
"163","dime",40
"164","pgfv",5
"165","neal",130
"166","pgfv",8
"167","dime",44
"168","onar",28
"169","pgfv",5
"170","dime",35
"171","dime",42
"172","dime",39
"173","remg",7
"174","pgfv",7.5
"175","dime",42
"176","dime",43
"177","pgfv",6
"178","pgfv",7
"179","pgfv",7
"180","dime",41
"181","pgfv",7.5
"182","dime",46
"183","dime",44
"184","dime",42
"185","dime",41
"186","dime",35
"187","disp",100
"188","dime",36
"189","pgfv",7.5
"190","disp",150
"191","onar",22
"192","dime",49
"193","dime",34
"194","dime",45
"195","dime",39
"196","dime",42
"197","dime",47
"198","pgfv",7
"199","pgfv",6.5
"200","dime",35
"201","chin",14
"202","dime",41
"203","pgfv",8
"204","disp",100
"205","dime",40
"206","dime",41
"207","dime",30
"208","dime",31
"209","disp",78
"210","dime",41
"211","dime",39
"212","pgfv",7
"213","pgfv",6
"214","pgfv",7
"215","dime",51
"216","dime",47
"217","pgfv",6
"218","dime",37
"219","dime",46
"220","pgfv",5
"221","dime",35
"222","dime",41
"223","dime",38
"224","onar",15
"225","dime",39
"226","dime",38
"227","dime",40
"228","dime",36
"229","dime",30
"230","dime",33
"231","dime",42
"232","pgfv",8
"233","dime",35
"234","pgfv",6
"235","pgfv",7
"236","dime",30
"237","pgfv",6.5
"238","dime",43
"239","dime",30
"240","dime",47
"241","pgfv",6.5
"242","dime",42
"243","dime",36
"244","onar",24
"245","dime",42
"246","dime",44
"247","pgfv",7
"248","disp",100
"249","pgfv",7
"250","dime",30
"251","dime",40
"252","dime",30
"253","dime",39
"254","dime",34
"255","pgfv",8
"256","dime",42
"257","disp",90
"258","pmer",18
"259","dime",42
"260","pmer",22
"261","onar",26
"262","dime",26
"263","dime",38
"264","dime",43
"265","pgfv",6
"266","dime",48
"267","disp",100
"268","dime",49
"269","dime",38
"270","pgfv",8
"271","dime",42
"272","dime",44
"273","pgfv",7
"274","dime",43.5
"275","dime",42
"276","dime",44
"277","dime",45
"278","dior",41
"279","pgfv",7
"280","dime",40
"281","dime",47
"282","disp",100
"283","dime",50
"284","dime",45
"285","disp",100
"286","dime",41
"287","dime",45
"288","dime",45
"289","dime",42
"290","dime",41
"291","dime",42
"292","dime",40
"293","dime",40
"294","dime",45
"295","dime",40
"296","dime",39
"297","dime",44
"298","onar",36
"299","dime",41
"300","dime",45
"301","dime",45
"302","dime",41
"303","dime",38
"304","dime",42
"305","disp",100
"306","dime",38
"307","dime",43
"308","dime",40.5
"309","dime",39
"310","disp",100
"311","dime",45
"312","dime",38
"313","disp",100
"314","dime",43
"315","dime",36
"316","dime",38
"317","dime",37
"318","dime",49
"319","dime",42
"320","dime",34
"321","disp",100
"322","dime",41
"323","pgfv",6.5
"324","dime",46
"325","pmer",21
"326","dime",30
"327","dime",43.5
"328","dime",38
"329","dime",36
"330","dime",45
"331","dime",40
"332","dime",45
"333","dime",40
"334","dime",40
"335","dime",42
"336","dime",46
"337","dime",31
"338","dime",37
"339","dime",33
"340","dime",29
"341","pgfv",2
"342","disp",100
"343","dime",35
"344","dime",30
"345","dime",46
"346","dime",44
"347","dime",43
"348","dime",45
"349","dime",38
"350","dime",35
"351","disp",100
"352","dime",21
"353","dime",46
"354","dime",43
"355","dime",28
"356","dime",39
"357","dime",40
"358","dime",41
"359","pmer",16
"360","dime",38
"361","dime",25
"362","disp",100
"363","dime",43
"364","dime",42
"365","dime",40
"366","dime",29
"367","disp",100
"368","dime",30
"369","dime",38
"370","dime",38
"371","onar",19
"372","dime",37
"373","dime",36.5
"374","dime",38
"375","dime",36
"376","dime",40
"377","dime",33
"378","dime",37
"379","dime",40
"380","neal",100
"381","dime",32
"382","pmtr",18
"383","pmtr",20
"384","dime",41
"385","dime",34
"386","dime",42
"387","dime",47
"388","dime",39
"389","spsp",40
"390","dime",51
"391","dime",43
"392","dime",32
"393","dime",44
"394","dime",45
"395","dime",25
"396","dime",24
"397","dime",25
"398","onar",22
"399","dime",39
"400","nemi",96
"401","dime",37
"402","spsp",88
"403","pmtr",20
"404","nemi",150
"405","dime",44
"406","pmtr",21
"407","disp",94
"408","pmtr",25.5
"409","pmtr",21
"410","dime",40
"411","pmle",23
"412","pmtr",20
"413","neal",94
"414","pmtr",21
"415","disp",76
"416","dime",46
"417","dime",23
"418","pmle",21
"419","disp",80
"420","dime",20
"421","dime",46
"422","pmtr",19
"423","pmtr",26
"424","onar",20
"425","dime",55
"426","pmtr",24
"427","pmtr",20
"428","disp",100
"429","dime",26
"430","dime",47
"431","pmtr",23
"432","dime",39
"433","pmtr",20
"434","pmtr",20
"435","pmtr",26
"436","pmle",19
"437","pmtr",24
"438","pmtr",20
"439","dime",48
"440","pgfv",8
"441","pmtr",22
"442","pmtr",15
"443","neal",92
"444","dime",39
"445","pmtr",20.5
"446","pmle",25
"447","dime",50
"448","dime",35
"449","pmtr",20
"450","dime",42
"451","neal",20
"452","dime",43
"453","dime",34
"454","dime",33
"455","spsp",114
"456","dime",31
"457","pmtr",21
"458","pmtr",21.5
"459","pmer",16
"460","pmer",27
"461","neal",186
"462","dime",43
"463","dime",138
"464","spsp",97
"465","spsp",35
"466","neal",171
"467","dime",38.5
"468","neal",18
"469","pmtr",17
"470","neal",126
"471","pmtr",21
"472","pmle",73
"473","pmle",23
"474","pmtr",20
"475","neal",23
"476","spsp",100
"477","pmle",18
"478","neal",154
"479","onar",24
"480","dime",52
"481","dime",40
"482","dime",32
"483","dime",39
"484","pmer",23
"485","disp",118
"486","pmer",23
"487","dime",46
"488","dime",42
"489","dime",29
"490","dime",47
"491","dime",49
"492","dime",53
"493","dime",38
"494","onar",26
"495","pgfv",7
"496","dime",42
"497","dime",49
"498","dime",58
"499","dime",46
"500","dime",43
"501","dime",45
"502","dime",40
"503","dime",22
"504","dime",43
"505","dime",44
"506","dime",35
"507","dime",41
"508","dime",43
"509","pgfv",8
"510","dime",37
"511","dime",40
"512","remn",11
"513","dime",40
"514","dime",39
"515","dime",38
"516","disp",139
"517","dime",41
"518","dime",50
"519","onar",22
"520","onar",26
"521","dime",47
"522","dime",42
"523","dime",37
"524","dime",48
"525","dime",42
"526","dime",46
"527","disp",84
"528","dime",43
"529","dime",45
"530","dime",43
"531","pgfv",7
"532","disp",72
"533","pmer",21
"534","onar",15
"535","dime",35
"536","dime",48
"537","onar",12
"538","dime",48
"539","dime",37
"540","dime",40
"541","dime",45
"542","dime",37
"543","pgfv",8
"544","onar",25
"545","dime",39
"546","dime",44
"547","onar",23
"548","remn",9
"549","dime",39
"550","neal",92
"551","pgfv",4
"552","disp",118
"553","pgfv",8
"554","dime",44
"555","dime",34
"556","dime",32
"557","dime",38
"558","pgfv",9
"559","dime",33
"560","dime",42
"561","dime",49
"562","spsp",113
"563","pgfv",6
"564","dime",44
"565","dime",45
"566","dime",31
"567","dime",44
"568","dime",46
"569","onar",20
"570","dime",40
"571","onar",26
"572","dime",134
"573","remn",8.5
"574","dime",38
"575","dime",44
"576","onar",14
"577","dime",43
"578","remg",10
"579","dime",20
"580","dime",45
"581","dime",45
"582","pgfv",8
"583","dime",47.5
"584","dime",41
"585","dime",34
"586","dime",43
"587","pgfv",7
"588","pgfv",6
"589","pmer",22
"590","dime",36
"591","dime",52
"592","disp",100
"593","dime",30
"594","disp",118
"595","pgfv",9
"596","pmer",19
"597","pmer",22
"598","dime",41
"599","pmer",23
"600","dime",40
"601","dime",43
"602","pgfv",5
"603","dime",45
"604","dime",45
"605","dime",33
"606","pmer",19
"607","dime",40
"608","dime",34
"609","dime",39
"610","dime",49
"611","disp",108
"612","pgfv",7
"613","pmer",20
"614","pmle",26
"615","dime",40
"616","dime",45
"617","pmer",22
"618","dime",45
"619","disp",104
"620","dime",34
"621","pgfv",9
"622","dime",42
"623","dime",40
"624","pgfv",9
"625","dime",45
"626","dime",47
"627","pgfv",8
"628","pgfv",7
"629","dime",30
"630","pgfv",7
"631","dime",40
"632","dime",46
"633","disp",138
"634","pgfv",9
"635","disp",110
"636","dime",43
"637","dime",40
"638","dime",38
"639","dime",40
"640","dime",35
"641","dime",41
"642","disp",122
"643","dime",47
"644","dime",43
"645","dime",46
"646","disp",97
"647","dime",41
"648","dime",41
"649","dime",38
"650","pgfv",7
"651","dime",40
"652","dime",44
"653","dime",42
"654","pgfv",7
"655","dime",33
"656","pgfv",7
"657","neal",166
"658","pgfv",6
"659","dime",42
"660","dime",41
"661","dime",40
"662","dime",48
"663","dime",42
"664","onar",21
"665","dime",37
"666","pmer",20
"667","dime",39
"668","pgfv",6
"669","pgfv",7
"670","pmer",25
"671","disp",106
"672","onar",27
"673","pmer",11
"674","pmer",11.9
"675","pgfv",6
"676","pmer",18
"677","pmer",21
"678","dime",32
"679","dime",42
"680","dime",39
"681","dime",46
"682","dime",48
"683","chin",12
"684","dime",30
"685","dime",44
"686","dime",36
"687","onar",19
"688","dime",39
"689","dime",33
"690","dime",39
"691","dime",27
"692","pgfv",7.5
"693","dime",45
"694","pmer",15
"695","pgfv",6
"696","pmer",10.5
"697","dime",40
"698","pmer",17
"699","disp",102
"700","dime",43
"701","pmer",21
"702","pmer",19
"703","dime",47
"704","dime",40
"705","dime",30
"706","dime",26
"707","dime",39
"708","dime",23
"709","dime",33
"710","dime",35
"711","dime",40
"712","disp",78
"713","onar",25
"714","neal",73
"715","dime",44
"716","dime",48
"717","dime",40
"718","onar",25
"719","dime",46
"720","dime",49
"721","disp",118
"722","pmer",22
"723","dime",44
"724","dime",41
"725","disp",80
"726","dime",38
"727","dime",45
"728","dime",56
"729","dime",50
"730","dime",44
"731","dime",47
"732","dime",40
"733","disp",90
"734","dime",44
"735","dime",29
"736","disp",108
"737","disp",130
"738","dime",45
"739","dime",43
"740","dime",45
"741","dime",46
"742","dime",43
"743","dime",41
"744","dime",47
"745","dime",36
"746","disp",121
"747","disp",120
"748","disp",140
"749","dime",45
"750","pmer",20
"751","onar",23
"752","dime",46
"753","disp",120
"754","dime",43
"755","dime",48
"756","dime",45
"757","disp",140
"758","dime",36
"759","dime",44
"760","dime",43
"761","dime",43
"762","dime",44
"763","dime",41
"764","dime",39
"765","dime",19
"766","dime",40
"767","dime",41
"768","disp",120
"769","dime",46
"770","dime",43
"771","disp",119
"772","dime",34
"773","pmle",17
"774","dime",49
"775","dime",45
"776","pmle",19
"777","pmle",19
"778","dime",43
"779","disp",90
"780","dime",47
"781","disp",104
"782","onar",21
"783","dime",48
"784","onar",22
"785","nemi",106
"786","disp",110
"787","disp",80
"788","dime",20
"789","pmle",20
"790","chin",11
"791","pmer",20
"792","dime",43
"793","remg",9
"794","disp",112
"795","dime",47
"796","onar",23
"797","dime",37
"798","onar",22
"799","pgfv",7
"800","remg",11
"801","dime",40
"802","spsp",98
"803","dime",18
"804","onar",16
"805","dime",39
"806","dime",45
"807","dime",42
"808","dime",46
"809","dime",40
"810","disp",126
"811","pgfv",8
"812","pmle",13
"813","dime",41
"814","chin",14
"815","chin",13
"816","dime",44
"817","dime",55
"818","pmle",13
"819","chin",13
"820","dime",45
"821","dime",46
"822","dime",45
"823","dime",46
"824","neal",94
"825","dime",41
"826","dime",53
"827","dime",42
"828","neal",116
"829","dime",35
"830","pgfv",7
"831","disp",110
"832","disp",120
"833","dime",37
"834","pgfv",8
"835","dime",47
"836","dime",47
"837","disp",110
"838","dime",42
"839","dime",49
"840","dime",37
"841","dime",26
"842","pgfv",8
"843","dime",44
"844","dime",45
"845","pmle",24
"846","dime",50
"847","pgfv",8
"848","nemi",180
"849","dime",45
"850","disp",140
"851","dime",47
"852","dime",39
"853","dime",47
"854","disp",85
"855","dime",39
"856","dime",48
"857","dime",45
"858","dime",41
"859","disp",140
"860","dime",29
"861","dime",49
"862","dime",28
"863","nemi",140
"864","dime",43
"865","pgfv",8
"866","dime",45
"867","disp",130
"868","disp",120
"869","dime",30
"870","pmle",11
"871","pmle",12
"872","disp",112
"873","pmer",19
"874","disp",112
"875","dime",42
"876","dime",47
"877","pmer",22
"878","pmer",21
"879","dime",44
"880","onar",20
"881","dime",45
"882","pgfv",8
"883","disp",123
"884","dime",42
"885","disp",118
"886","dime",45
"887","disp",130
"888","dime",38
"889","pgfv",7
"890","pmle",21
"891","pmle",24
"892","dime",43
"893","pmer",21
"894","dime",40
"895","disp",84
"896","pmtr",18
"897","pgfv",7
"898","pmer",20
"899","pmle",10
"900","pmle",24
"901","pmer",22
"902","neal",212
"903","pmle",11
"904","pgfv",7
"905","onar",17
"906","disp",98
"907","pgfv",8
"908","neal",178
"909","dime",16
"910","disp",138
"911","pgfv",6
"912","pgfv",8
"913","disp",104
"914","dime",42
"915","dime",42
"916","dime",37
"917","disp",112
"918","dime",47
"919","dime",43
"920","dime",46
"921","pgfv",8
"922","dime",46
"923","disp",112
"924","dime",44
"925","disp",140
"926","disp",139
"927","dime",40
"928","dime",43
"929","dime",47
"930","dime",36
"931","dime",48
"932","dime",44
"933","dime",39
"934","dime",41
"935","dime",41
"936","dime",45
"937","dime",46
"938","disp",122
"939","dime",49
"940","dime",44
"941","dime",72
"942","dime",50
"943","dime",43
"944","disp",152
"945","dime",23
"946","disp",78
"947","pmer",22
"948","pmle",8
"949","dime",44
"950","pgfv",7
"951","disp",114
"952","disp",76
"953","disp",120
"954","disp",129
"955","dime",51
"956","onar",24
"957","dime",31
"958","dime",44
"959","dime",48
"960","dime",44.5
"961","dime",48
"962","disp",114
"963","disp",132
"964","pgfv",11
"965","disp",118
"966","dime",46
"967","dime",24
"968","dime",50
"969","dime",25
"970","disp",128.5
"971","dime",30
"972","disp",148
"973","dime",41
"974","dime",50
"975","disp",158
"976","dime",43
"977","dime",46
"978","nemi",180
"979","pmle",17
"980","dime",45
"981","dime",40
"982","dime",43
"983","disp",137
"984","dime",46
"985","disp",128
"986","dime",27
"987","dime",47
"988","disp",113
"989","dime",29
"990","dime",53
"991","disp",130
"992","dime",44
"993","dime",51
"994","dime",41
"995","dime",44
"996","disp",134
"997","dime",57
"998","pgfv",10
"999","pgfv",8
"1000","pmle",24
"1001","pgfv",9
"1002","dime",47
"1003","disp",127
"1004","pgfv",10
"1005","dime",50
"1006","dime",43
"1007","disp",112
"1008","dime",37
"1009","dime",23
"1010","dime",51
"1011","pgfv",13
"1012","disp",136
"1013","disp",126
"1014","dime",47
"1015","dime",31
"1016","disp",150
"1017","dime",39
"1018","dime",46
"1019","disp",159
"1020","pgfv",6
"1021","dime",49
"1022","dime",40
"1023","dime",21.5
"1024","dime",43
"1025","dime",44
"1026","disp",125
"1027","dime",47
"1028","disp",117
"1029","disp",134
"1030","dime",44
"1031","dime",53
"1032","dime",52
"1033","dime",29
"1034","disp",110
"1035","dime",48
"1036","dime",41
"1037","pmer",31
"1038","dime",29
"1039","disp",134
"1040","dime",44
"1041","dime",52
"1042","onar",29
"1043","dime",52
"1044","disp",128
"1045","disp",118
"1046","dime",40
"1047","dime",35
"1048","dime",48
"1049","disp",125
"1050","disp",119
"1051","dime",27
"1052","dime",42
"1053","disp",151
"1054","dime",45
"1055","disp",166
"1056","dime",49
"1057","dime",42
"1058","nemi",123
"1059","nemi",226
"1060","disp",159
"1061","pmle",26
"1062","dime",48
"1063","dime",43
"1064","disp",117
"1065","dime",47
"1066","pgfv",9
"1067","disp",110
"1068","onar",19
"1069","disp",116
"1070","dime",37
"1071","dime",47
"1072","dime",41
"1073","dime",36
"1074","dime",44
"1075","dime",41
"1076","dime",32
"1077","dime",44
"1078","disp",130
"1079","dime",41
"1080","dime",40
"1081","dime",19
"1082","dime",46
"1083","dime",48
"1084","dime",40
"1085","dime",34
"1086","dime",44
"1087","dime",33
"1088","dime",38
"1089","dime",46
"1090","dime",49
"1091","disp",129
"1092","dime",39
"1093","dime",35
"1094","dime",42
"1095","dime",43
"1096","dime",34
"1097","dime",45
"1098","dime",58
"1099","pmdi",20
"1100","dime",42
"1101","dime",49
"1102","dime",42
"1103","disp",120
"1104","dime",44
"1105","dime",36
"1106","dime",48
"1107","dime",46
"1108","dime",41
"1109","dime",44
"1110","dime",35
"1111","dime",48
"1112","dime",46
"1113","dime",45
"1114","dime",43
"1115","dime",34
"1116","pgfv",8
"1117","dime",24
"1118","dime",48
"1119","dime",35
"1120","dime",46
"1121","dime",23
"1122","disp",85
"1123","disp",94
"1124","dime",39
"1125","dime",40
"1126","dime",45
"1127","pmdi",21
"1128","dime",36
"1129","dime",35
"1130","dime",39
"1131","pmle",24
"1132","dime",45
"1133","dime",42
"1134","dime",39
"1135","dime",37
"1136","dime",38
"1137","onar",15
"1138","dime",23
"1139","dime",51
"1140","dime",43
"1141","dime",25
"1142","dime",46
"1143","dime",33
"1144","dime",40
"1145","dime",43
"1146","dime",44
"1147","dime",40
"1148","disp",146
"1149","dime",35
"1150","dime",40
"1151","dime",48
"1152","dime",43
"1153","dime",36
"1154","dime",43
"1155","onar",13
"1156","dime",32
"1157","dime",44
"1158","dime",43
"1159","dime",45
"1160","disp",100
"1161","disp",114
"1162","pmer",18
"1163","dime",33
"1164","neal",90
"1165","pmtr",18
"1166","dime",44
"1167","disp",110
"1168","dime",38
"1169","dime",68
"1170","dime",42
"1171","pgfv",7
"1172","dime",40
"1173","dime",40
"1174","dime",33
"1175","dime",45
"1176","pgfv",5
"1177","onar",14
"1178","disp",108
"1179","pgfv",7
"1180","dime",39
"1181","dime",41
"1182","neal",50
"1183","dime",34
"1184","disp",88
"1185","dime",29
"1186","dime",33
"1187","dime",40
"1188","pgfv",7
"1189","dime",46
"1190","onar",20
"1191","pmer",26
"1192","dime",30
"1193","dime",44
"1194","pgfv",5
"1195","disp",120
"1196","dime",46
"1197","dime",39
"1198","dime",44
"1199","dime",47
"1200","dime",26
"1201","pgfv",9
"1202","pgfv",7
"1203","dime",31
"1204","dime",35
"1205","dime",44
"1206","pgfv",7
"1207","dime",43
"1208","dime",37
"1209","dime",50
"1210","disp",120
"1211","dime",41
"1212","dime",44
"1213","dime",41
"1214","dime",41
"1215","dime",41
"1216","dime",41
"1217","pmer",23
"1218","pmer",19
"1219","disp",130
"1220","dime",41
"1221","pmer",22
"1222","disp",126
"1223","dime",44
"1224","disp",116
"1225","dime",40
"1226","dime",41
"1227","pmer",22
"1228","dime",43
"1229","dime",41
"1230","disp",131
"1231","dime",39
"1232","dime",45
"1233","pmer",20
"1234","dime",41
"1235","pmer",21
"1236","dime",46
"1237","dime",39
"1238","dime",49
"1239","dime",43
"1240","dime",41
"1241","dime",40
"1242","dior",55
"1243","dime",36
"1244","dime",41
"1245","dime",42
"1246","disp",122
"1247","pgfv",6
"1248","dime",39
"1249","disp",124
"1250","dime",41
"1251","dime",42
"1252","dime",44
"1253","dime",40
"1254","dime",45
"1255","dime",41
"1256","onar",18
"1257","dime",43
"1258","pmer",23
"1259","dime",45
"1260","dime",46
"1261","dime",40
"1262","dime",40
"1263","pgfv",7
"1264","pmer",21
"1265","dime",44
"1266","pmer",20
"1267","pmer",16
"1268","dime",39
"1269","dime",42
"1270","dime",46
"1271","dime",38
"1272","dime",46
"1273","disp",110
"1274","onar",14
"1275","dime",44
"1276","dime",36
"1277","dime",42
"1278","onar",18
"1279","pmer",22
"1280","dime",41
"1281","dime",43
"1282","dime",39
"1283","remn",13
"1284","dime",40
"1285","dime",44
"1286","pgfv",6
"1287","dime",46
"1288","pgfv",7
"1289","dime",38
"1290","dime",42
"1291","dime",45
"1292","pmer",24
"1293","disp",131
"1294","dime",44
"1295","dime",43
"1296","dime",37
"1297","dime",41
"1298","onar",8
"1299","dime",36
"1300","dime",46
"1301","neal",128
"1302","dime",38
"1303","dime",38
"1304","dime",39
"1305","dime",43
"1306","dime",41
"1307","pmer",18
"1308","dime",39
"1309","dime",43
"1310","dior",49
"1311","dime",39
"1312","neal",210
"1313","dime",38
"1314","dime",42
"1315","dime",41
"1316","dime",48
"1317","disp",160
"1318","pgfv",8
"1319","dime",36
"1320","disp",140
"1321","onar",16
"1322","dime",35
"1323","dime",38
"1324","dime",43
"1325","remn",12
"1326","dime",45
"1327","pmer",20
"1328","dime",42
"1329","onar",17
"1330","disp",128
"1331","dime",47
"1332","dime",42
"1333","dime",39
"1334","disp",130
"1335","dime",37
"1336","pgfv",7
"1337","pmer",20
"1338","onar",16
"1339","dime",35
"1340","dime",39
"1341","onar",18
"1342","dime",42
"1343","onar",16
"1344","dime",41
"1345","pgfv",7
"1346","dime",37
"1347","pmer",14
"1348","pmle",20
"1349","dime",39
"1350","disp",116
"1351","disp",114
"1352","onar",21
"1353","dime",43
"1354","dime",37
"1355","remg",12
"1356","dime",35
"1357","dime",37
"1358","disp",110
"1359","pgfv",7
"1360","onar",18
"1361","dime",41
"1362","dime",37
"1363","dime",37
"1364","neal",132
"1365","remg",12
"1366","dime",41
"1367","onar",17
"1368","neal",204
"1369","dime",41
"1370","remg",12
"1371","dime",37
"1372","dime",35
"1373","dime",39
"1374","dime",36
"1375","onar",26
"1376","pgfv",6
"1377","disp",112
"1378","dime",41
"1379","disp",112
"1380","dime",42
"1381","dime",41
"1382","dime",46
"1383","disp",112
"1384","dime",41
"1385","disp",136
"1386","dime",44
"1387","dime",46
"1388","dime",37
"1389","dime",43
"1390","disp",134
"1391","nemi",214
"1392","dime",44
"1393","disp",144
"1394","dime",39
"1395","dime",39
"1396","disp",125
"1397","nemi",100
"1398","onar",23
"1399","dime",41
"1400","nemi",112
"1401","dime",43
"1402","dime",49
"1403","dime",45
"1404","dime",53
"1405","dime",38
"1406","dime",39
"1407","disp",150
"1408","disp",125
"1409","dime",50
"1410","dime",48
"1411","dime",48
"1412","dime",29
"1413","dime",38
"1414","dime",42
"1415","dime",31
"1416","disp",158
"1417","disp",134
"1418","dime",48
"1419","dime",50
"1420","disp",113
"1421","disp",118
"1422","dime",44
"1423","dime",27
"1424","disp",140
"1425","dime",48
"1426","disp",162
"1427","dime",48
"1428","dime",53
"1429","dime",34
"1430","pmtr",28
"1431","dime",28
"1432","dime",27
"1433","pgfv",7
"1434","pmtr",29
"1435","neal",130
"1436","neal",182
"1437","disp",122
"1438","dime",51
"1439","disp",108
"1440","nemi",120
"1441","disp",155
"1442","nemi",138
"1443","disp",133
"1444","disp",130
"1445","dime",42
"1446","dime",39
"1447","dime",42
"1448","dime",34
"1449","dime",50
"1450","dime",45
"1451","dime",45
"1452","dime",40
"1453","dime",45
"1454","dime",50
"1455","dime",36
"1456","dime",41
"1457","dime",37
"1458","dime",38
"1459","dime",36
"1460","dime",34
"1461","disp",156
"1462","dime",50
"1463","dime",45
"1464","dime",35
"1465","dime",41
"1466","dime",52
"1467","onar",19
"1468","dime",48
"1469","dime",39
"1470","dime",51
"1471","disp",105
"1472","dime",42
"1473","dime",49
"1474","dime",44
"1475","dime",33
"1476","disp",95
"1477","onar",21
"1478","dime",45
"1479","onar",24
"1480","pgfv",8
"1481","dime",44
"1482","onar",14
"1483","dime",44
"1484","dime",44
"1485","dime",42
"1486","dime",30
"1487","dime",42
"1488","pgfv",7
"1489","dime",40
"1490","dime",42
"1491","dime",43
"1492","dime",34
"1493","onar",16
"1494","dime",39
"1495","dime",51
"1496","dime",47
"1497","pgfv",6
"1498","dime",37
"1499","pgfv",8
"1500","pgfv",6
"1501","pgfv",6
"1502","pgfv",6
"1503","pgfv",7
"1504","pgfv",7
"1505","dime",41
"1506","pgfv",7
"1507","dime",43
"1508","pgfv",7
"1509","dime",46
"1510","pgfv",8
"1511","dime",40
"1512","pgfv",6
"1513","dime",39
"1514","dime",29
"1515","dime",41
"1516","dime",49
"1517","dime",40
"1518","pgfv",7
"1519","onar",23
"1520","pgfv",9
"1521","dime",55
"1522","dime",40
"1523","pgfv",7
"1524","pgfv",7
"1525","dime",44
"1526","dime",40
"1527","pgfv",5
"1528","onar",14
"1529","onar",22
"1530","dime",42
"1531","pgfv",7
"1532","pgfv",7
"1533","dime",42
"1534","dime",30
"1535","dime",55
"1536","pgfv",8
"1537","pgfv",8
"1538","onar",19
"1539","pgfv",7
"1540","pgfv",6
"1541","dime",44
"1542","pgfv",7
"1543","neal",90
"1544","pgfv",8
"1545","neal",104
"1546","pmer",35
"1547","pgfv",9
"1548","pgfv",6
"1549","neal",88
"1550","onar",21
"1551","dime",45
"1552","nemi",128
"1553","disp",140
"1554","dime",38
"1555","pgfv",8
"1556","pgfv",8
"1557","pgfv",6
"1558","pgfv",7
"1559","nemi",110
"1560","dime",40
"1561","dime",30
"1562","dime",50
"1563","pgfv",9
"1564","pgfv",7
"1565","pgfv",7
"1566","pgfv",7
"1567","pgfv",5
"1568","pgfv",7
"1569","pgfv",7
"1570","pgfv",9
"1571","dime",15
"1572","pgfv",7
"1573","dime",51
"1574","neal",82
"1575","onar",13
"1576","pgfv",8
"1577","dime",45
"1578","pgfv",9
"1579","pgfv",7
"1580","dime",30
"1581","dime",51
"1582","dime",45
"1583","pgfv",6
"1584","pgfv",10
"1585","pgfv",8
"1586","pgfv",7
"1587","pgfv",8
"1588","pgfv",5
"1589","pgfv",7
"1590","pgfv",8
"1591","pgfv",5
"1592","pgfv",7
"1593","pgfv",7
"1594","dime",30
"1595","pgfv",5
"1596","dime",31
"1597","pgfv",8
"1598","dime",27
"1599","pgfv",8
"1600","neal",74
"1601","disp",122
"1602","dime",40
"1603","pgfv",7
"1604","pgfv",6
"1605","pmer",20
"1606","pmer",20
"1607","dime",40
"1608","pmer",22
"1609","pmer",21
"1610","dime",46
"1611","pgfv",6
"1612","dime",45
"1613","pmer",18
"1614","pgfv",7
"1615","dime",40
"1616","pgfv",6
"1617","dime",42
"1618","dime",41
"1619","dime",39
"1620","dior",32
"1621","dime",42
"1622","dime",49
"1623","dime",44
"1624","dime",39
"1625","pgfv",8
"1626","pmer",22
"1627","dime",35
"1628","disp",150
"1629","dime",40
"1630","dime",44
"1631","dime",41
"1632","dime",42
"1633","dime",39
"1634","dime",38
"1635","pmer",19
"1636","dime",40
"1637","pgfv",5
"1638","dime",39
"1639","pgfv",8
"1640","dime",49
"1641","onar",24
"1642","pgfv",7
"1643","dime",40
"1644","spsp",108
"1645","pgfv",7
"1646","dime",41
"1647","onar",20
"1648","pmer",24
"1649","dime",45
"1650","dime",40
"1651","dime",37
"1652","dime",40
"1653","dime",36
"1654","dime",38
"1655","pgfv",6
"1656","pgfv",7
"1657","dime",43
"1658","dime",45
"1659","dime",34
"1660","pgfv",6
"1661","pgfv",6
"1662","dime",38
"1663","dime",39
"1664","nemi",172
"1665","disp",120
"1666","pgfv",6
"1667","dime",51
"1668","dime",47
"1669","dime",38
"1670","disp",130
"1671","pgfv",7
"1672","dime",40
"1673","dime",39
"1674","pgfv",7
"1675","remg",10
"1676","pgfv",7
"1677","pgfv",7
"1678","pgfv",6
"1679","pgfv",7
"1680","onar",17
"1681","dime",38
"1682","dime",42
"1683","dime",42
"1684","pgfv",8
"1685","dime",40
"1686","nemi",158
"1687","dime",41
"1688","pgfv",8
"1689","dime",41
"1690","pgfv",7
"1691","pgfv",6
"1692","dime",44
"1693","pgfv",7
"1694","dime",37
"1695","pgfv",7
"1696","dime",39
"1697","dime",43
"1698","pmer",14
"1699","pmle",15
"1700","pgfv",7
"1701","onar",22
"1702","dime",30
"1703","pgfv",6
"1704","remg",10
"1705","dime",40
"1706","dime",35
"1707","dime",40
"1708","dime",40
"1709","pgfv",7
"1710","dime",43
"1711","dime",45
"1712","pmle",19
"1713","pgfv",7
"1714","pgfv",7
"1715","pmer",22
"1716","pmer",21
"1717","pmer",14
"1718","disp",142
"1719","pgfv",7
"1720","pgfv",7
"1721","neal",200
"1722","pmer",20
"1723","pmer",23
"1724","dime",45
"1725","dime",41
"1726","onar",22
"1727","dime",39
"1728","pgfv",7
"1729","disp",130
"1730","pmer",17
"1731","pgfv",7
"1732","nemi",150
"1733","disp",132
"1734","dime",40
"1735","dime",38
"1736","dime",44
"1737","pgfv",7
"1738","dime",42
"1739","dime",41
"1740","pgfv",6
"1741","pmer",13
"1742","pgfv",7
"1743","dime",39
"1744","pgfv",7
"1745","dime",43
"1746","pmer",15
"1747","dime",44
"1748","dime",40
"1749","pmer",20
"1750","pgfv",7
"1751","pmer",16
"1752","onar",18
"1753","dime",42
"1754","pgfv",7
"1755","remg",12
"1756","nemi",134
"1757","onar",15
"1758","dime",42
"1759","pmer",21
"1760","pgfv",7
"1761","remg",15
"1762","pmer",17
"1763","dime",45
"1764","disp",135
"1765","pmer",21
"1766","pgfv",7
"1767","pmle",12
"1768","dime",44
"1769","dime",46
"1770","disp",132
"1771","pgfv",8
"1772","dime",45
"1773","pgfv",7
"1774","dime",39
"1775","dime",45
"1776","dime",39
"1777","dime",42
"1778","dime",49
"1779","dime",47
"1780","pmer",20
"1781","dime",45
"1782","pmer",19
"1783","dime",52
"1784","dime",46
"1785","dime",46
"1786","disp",145
"1787","disp",162
"1788","dime",44
"1789","dime",49
"1790","dime",47
"1791","pgfv",8
"1792","disp",130
"1793","pmle",17
"1794","pgfv",9
"1795","dime",43
"1796","dime",45
"1797","pgfv",7
"1798","dime",44
"1799","dime",48
"1800","onar",21
"1801","dime",52
"1802","dime",50
"1803","pgfv",9
"1804","dime",42
"1805","dime",45
"1806","dime",43
"1807","dime",45
"1808","pgfv",9
"1809","disp",132
"1810","pgfv",8
"1811","nemi",132
"1812","pgfv",9
"1813","dime",44
"1814","dime",45
"1815","pgfv",9
"1816","pgfv",8
"1817","pgfv",9
"1818","dime",43
"1819","pgfv",9
"1820","pgfv",8
"1821","dime",48
"1822","pgfv",10
"1823","pgfv",9
"1824","disp",126
"1825","disp",130
"1826","pmle",26
"1827","dime",47
"1828","dior",57
"1829","dime",44
"1830","pgfv",8
"1831","pgfv",7
"1832","dime",42
"1833","pgfv",7
"1834","disp",124
"1835","pgfv",9
"1836","pgfv",7
"1837","pgfv",9
"1838","pgfv",11
"1839","pgfv",10
"1840","pmer",26
"1841","pgfv",8
"1842","pgfv",7
"1843","dime",43
"1844","pgfv",8
"1845","pgfv",8
"1846","dime",41
"1847","pgfv",9
"1848","pgfv",7
"1849","disp",148
"1850","pgfv",11
"1851","onar",26
"1852","dime",40
"1853","pmer",24
"1854","dime",39
"1855","dime",57
"1856","dime",47
"1857","pmer",29
"1858","dime",47
"1859","pmer",24
"1860","onar",121
"1861","dime",50
"1862","disp",160
"1863","disp",139
"1864","pmer",25
"1865","dime",38
"1866","dime",51
"1867","neal",156
"1868","dior",62
"1869","dime",45
"1870","onar",22
"1871","dime",42
"1872","onar",21
"1873","dime",49
"1874","dime",45
"1875","pgfv",7
"1876","disp",148
"1877","dime",42
"1878","onar",23
"1879","dime",40
"1880","dime",40
"1881","pgfv",7
"1882","dime",38
"1883","dime",50
"1884","spsp",110
"1885","dime",48
"1886","dime",36
"1887","disp",147
"1888","pgfv",8
"1889","dime",38
"1890","nemi",142
"1891","dime",50
"1892","pgfv",7
"1893","onar",21
"1894","dime",45
"1895","dime",46
"1896","disp",122
"1897","onar",18
"1898","pgfv",8
"1899","onar",15
"1900","dime",49
"1901","pmer",22
"1902","dime",47
"1903","spsp",110
"1904","dime",53
"1905","disp",130
"1906","pmer",11
"1907","dime",39
"1908","dime",43
"1909","pmer",20
"1910","disp",130
"1911","dime",38
"1912","dime",43
"1913","dime",35
"1914","dime",38
"1915","dime",34
"1916","dime",24
"1917","dime",24
"1918","dime",41
"1919","onar",18
"1920","pgfv",7
"1921","pgfv",8
"1922","pmer",24
"1923","onar",28
"1924","dior",49
"1925","dime",39
"1926","dime",41
"1927","pmer",20
"1928","dime",36
"1929","dime",41
"1930","dime",40
"1931","pgfv",7
"1932","dime",40
"1933","dior",40
"1934","pmer",14
"1935","dime",35
"1936","pmer",19
"1937","dime",53
"1938","pmer",19
"1939","pgfv",6
"1940","pmle",24
"1941","remg",12
"1942","dime",45
"1943","spsp",98
"1944","dime",41
"1945","dime",34
"1946","pgfv",8
"1947","onar",16
"1948","onar",12
"1949","pgfv",7
"1950","spsp",118
"1951","disp",104
"1952","pgfv",8
"1953","onar",17
"1954","dime",37
"1955","pgfv",9
